{
  "mean": [
    545.3136596679688,
    9.15591049194336,
    195.75527954101562,
    -42.03599548339844,
    4.058438301086426,
    47.268985748291016,
    0.3765551745891571,
    0.030325353145599365,
    0.04161974787712097,
    0.3772203326225281,
    0.008751925081014633,
    66.74276733398438,
    230.07333374023438,
    220.79901123046875,
    0.29280394315719604,
    1.9073907136917114,
    145.33154296875,
    0.0012976310681551695,
    73716.4765625,
    9823351.0,
    0.43590858578681946,
    1.1610461473464966,
    0.40472689270973206,
    216.7500457763672,
    182.64578247070312,
    0.6027640104293823,
    -0.044282276183366776,
    0.0
  ],
  "std": [
    524.6723022460938,
    8.737264633178711,
    98.951904296875,
    21369.822265625,
    3.6890861988067627,
    298.38189697265625,
    0.3842869997024536,
    0.09574788808822632,
    0.13892491161823273,
    0.3843535780906677,
    0.059235915541648865,
    62.564544677734375,
    122.4960708618164,
    117.35436248779297,
    0.18617020547389984,
    1.2407809495925903,
    121.764892578125,
    0.005616701208055019,
    39165.66796875,
    5573552.0,
    0.24225986003875732,
    1.125750184059143,
    0.30950015783309937,
    135.3123016357422,
    138.41909790039062,
    1.2521185874938965,
    1.8000280857086182,
    1.0
  ],
  "num_samples": 34,
  "num_channels": 28,
  "num_pixels_processed": 1392640
}